image_id,source,object,class_id,confidence,x1,y1,x2,y2,box_area
apple,data/images/apple.jpg,apple,1,0.658758282661438,252.05799865722656,253.29165649414062,2132.1484375,2056.281982421875,3389785.0
banana,data/images/banana.jpg,banana,0,0.8308576345443726,22.1444149017334,117.22959899902344,2914.40869140625,2540.21044921875,7007901.0
donut,data/images/donut.jpg,donut,8,0.6439212560653687,81.5157699584961,77.36590576171875,2760.26904296875,1757.82373046875,4501531.5
pizza,data/images/pizza.jpg,pizza,7,0.6270706653594971,120.17927551269531,598.3456420898438,2700.0,1806.6495361328125,3117207.75
orange,data/images/orange.jpg,tangerine,216,0.6123078465461731,1376.9775390625,91.29130554199219,2918.920166015625,1383.4713134765625,1992467.5
orange,data/images/orange.jpg,orange,3,0.5922157168388367,1005.3821411132812,1072.94384765625,2332.21484375,2172.560302734375,1459007.125
orange,data/images/orange.jpg,tangerine,216,0.5527116060256958,2227.9287109375,800.8632202148438,3436.98583984375,2036.3604736328125,1493786.875
